passenger_sex_codes,passenger_class_codes
0.3352356401746214,0.7248308855830504
0.45963725930382865,0.8680486016521425
