Fare,passenger_sex_codes,passenger_class_codes
23.43710237288137,0.8711864406779661,0.4847457627118644
45.39049704433497,0.3054187192118227,0.9605911330049262
