Fare,passenger_sex_codes,passenger_class_codes
35.235116471648055,0.33499347196150425,0.7494209197936885
65.46720172292345,0.4605845472514606,0.8700963342396859
