passenger_sex_codes,passenger_class_codes
0.8585526315789473,0.5230263157894737
0.3402061855670103,1.0618556701030928
