passenger_sex_codes,passenger_class_codes
0.34848243913834687,0.7605374134138413
0.47377836260107453,0.8653041058863215
