passenger_sex_codes,passenger_class_codes
0.8709677419354839,0.45483870967741935
0.30319148936170215,1.0425531914893618
