Fare,passenger_sex_codes,passenger_class_codes
22.004057051282064,0.8365384615384616,0.4775641025641026
44.982730107526905,0.3279569892473118,1.021505376344086
