Fare,passenger_sex_codes,passenger_class_codes
30.94364774516842,0.3697862408274879,0.7334563170140304
57.579269600215106,0.4694690644240053,0.8917603060909819
