Fare,passenger_sex_codes,passenger_class_codes
22.967208143322495,0.8436482084690554,0.46254071661237783
44.6985607329843,0.29842931937172773,1.0104712041884816
