Fare,passenger_sex_codes,passenger_class_codes
33.351549035773935,0.3631885306779504,0.7316021823560608
58.03485888549523,0.4575688589830541,0.8621750699626161
