Fare,passenger_sex_codes,passenger_class_codes
23.304731067961185,0.8284789644012945,0.4886731391585761
49.3281074074074,0.3544973544973545,1.037037037037037
