Fare,passenger_sex_codes,passenger_class_codes
36.282154759436615,0.37696361886242163,0.757295383382688
68.09169487189575,0.47836072179029376,0.8751137212290093
